"PERMISSION_ID";"RESOURCE_NAME";"RESOURCE_URI";"OPERATION_CODE";"RESOURCE_ID";"OPERATION_ID";"OPERATION_NAME";"IS_ACTIVE";"CREATED_DATE";"UPDATED_DATE";"CREATED_BY";"UPDATED_BY";"VERSION";"LOGIC_FLOW_NAME";"EXT1";"EXT2";"EXT3"
"0019d243ae076a9c8d479622e886bea6";"车间信息管理";"";"op_search";"ae86a0236b67223f9aa22083d6c7c71e";"109732f5f55fdc92d698de56b2d56c97";"查询";"Y";"";"";"";"";0.0;"";"";"";""
"017de6d7a6290592b55c3f8d8203cf96";"门店信息管理";"";"op_search";"126bf4c222fb47b0aa4479599a18aef4";"109732f5f55fdc92d698de56b2d56c97";"查询";"Y";"";"";"";"";0.0;"";"";"";""
"0208f8e9ffb17f4fab20ba9b19fd7e58";"角色管理";"";"op_remove";"1be1345dec2623464ef0b0587902b9f4";"d054f8c3aa374492782da653b383c1e2";"删除";"Y";"";"";"";"";0.0;"";"";"";""
"02a2dd349ec873c97f3527b0eb1ca8b0";"会员卡充值";"";"op_add";"369c1046345b1a5aed3e46dfe219c454";"46f6c112e8c03fc85ce0380a1185b99d";"增加";"Y";"";"";"";"";0.0;"";"";"";""
"04ef2e502b34e0e9b66fa48764ff53df";"维修收款";"";"op_update";"0972c66a9bed8f4464b0138d55de354a";"944961716df39775cb3944721ae8435f";"修改";"Y";"";"";"";"";0.0;"";"";"";""
"0525fdc39f04e3294029b96e14f4d110";"保养类型与服务项目关系";"";"op_remove";"385063023e78c51c299914206e9737ba";"d054f8c3aa374492782da653b383c1e2";"删除";"Y";"";"";"";"";0.0;"";"";"";""
"056499c0eeea8fe95009bad94b658775";"客户接待";"";"op_add";"1767a1dbec270d45ad61a0ffef9ca80a";"46f6c112e8c03fc85ce0380a1185b99d";"增加";"Y";"";"";"";"";0.0;"";"";"";""
"05f84ac3c0e749d59e7e5645edaf3266";"车辆保养周期";"";"op_search";"274656aad1ac3bae68953a1e515477de";"109732f5f55fdc92d698de56b2d56c97";"查询";"Y";"";"";"";"";0.0;"";"";"";""
"076b9052df4f9d7837838276b9b616cf";"储值卡产品定义";"";"op_search";"c4f841170ee973f00cbcdb3d966ba687";"109732f5f55fdc92d698de56b2d56c97";"查询";"Y";"";"";"";"";0.0;"";"";"";""
"07703cfa31f2137e62f168b0dd38a2e6";"套餐产品管理";"";"op_search";"1273528711af9b41e7ee2e6e8c49ffe1";"109732f5f55fdc92d698de56b2d56c97";"查询";"Y";"";"";"";"";0.0;"";"";"";""
"0813b772b4e3f391ec03530ad7eb7298";"优惠券上架";"";"op_update";"b398c969b7d87e378b981e97bdff5767";"944961716df39775cb3944721ae8435f";"修改";"Y";"";"";"";"";0.0;"";"";"";""
"0a46715a61ff7487012b304737ed5b18";"入库单";"";"op_remove";"723a3d0ea861950b06ac6377e0db4382";"d054f8c3aa374492782da653b383c1e2";"删除";"Y";"";"";"";"";0.0;"";"";"";""
"0ad7c5f31f1cda2a841a6b0da85ac3a6";"客户回访";"";"op_search";"462117e248bd470a683bccf3a6a2003c";"109732f5f55fdc92d698de56b2d56c97";"查询";"Y";"";"";"";"";0.0;"";"";"";""
"0cdbbbc7b121ef6ab32faee024e1adb4";"储值卡产品定义";"";"op_remove";"c4f841170ee973f00cbcdb3d966ba687";"d054f8c3aa374492782da653b383c1e2";"删除";"Y";"";"";"";"";0.0;"";"";"";""
"0ceda370d1e4e6dc9670e20ebb76b5ca";"地理信息";"";"op_update";"836d9a36f37dd3a437f839b7b0a04e4e";"944961716df39775cb3944721ae8435f";"修改";"Y";"";"";"";"";0.0;"";"";"";""
"0cfb66db24080789af5e950387656a35";"客户询价";"";"op_remove";"3e5b2fef51fb4ee3fba3cb8936870561";"d054f8c3aa374492782da653b383c1e2";"删除";"Y";"";"";"";"";0.0;"";"";"";""
"0d2ad663b6567113454c5345838f1bb2";"维修领料";"";"op_add";"5b38e69560709ad72dcedb742f197669";"46f6c112e8c03fc85ce0380a1185b99d";"增加";"Y";"";"";"";"";0.0;"";"";"";""
"0d6111427972cb2fca4309c5be540b43";"优惠券汇总";"";"op_search";"a65dfc05ef5a99cf3f5824c617f6a118";"109732f5f55fdc92d698de56b2d56c97";"查询";"Y";"";"";"";"";0.0;"";"";"";""
"0e9ba523527e3f3a027445ddd6907018";"字典管理";"";"op_search";"24eb2ef958e90103d6a6040850542f9b";"109732f5f55fdc92d698de56b2d56c97";"查询";"Y";"";"";"";"";0.0;"";"";"";""
"0feb78698862af40fb5fada0b944cc69";"门店银行帐户管理";"";"op_add";"611451dacea47fdda23bf97d07915da0";"46f6c112e8c03fc85ce0380a1185b99d";"增加";"Y";"";"";"";"";0.0;"";"";"";""
"11343a5cfab340676427add7e9f535b8";"班组信息管理";"";"op_remove";"50697958d7b6b2b26d8a135d951afb6a";"d054f8c3aa374492782da653b383c1e2";"删除";"Y";"";"";"";"";0.0;"";"";"";""
"11a01cb8ee1007552b977ec2f3969c23";"操作管理";"";"op_remove";"23572b2b3ed58f4dbbd41014d68db2ba";"d054f8c3aa374492782da653b383c1e2";"删除";"Y";"";"";"";"";0.0;"";"";"";""
"12b54c72c6a31c7de18ae53ced01c3e2";"帐号管理";"";"op_search";"0ecda882e499a8201b4cc0ab718236cd";"109732f5f55fdc92d698de56b2d56c97";"查询";"Y";"";"";"";"";0.0;"";"";"";""
"1379660f07e72b16332b1c76d540e37d";"车辆信息";"";"op_remove";"1384cdb546a273c85e2c67ea53dce071";"d054f8c3aa374492782da653b383c1e2";"删除";"Y";"";"";"";"";0.0;"";"";"";""
"1384f43d3e237aca7e3dd5dfaf0b6d2c";"库存初始化";"";"op_remove";"18725a5401b12ef76b20f2c347d80c51";"d054f8c3aa374492782da653b383c1e2";"删除";"Y";"";"";"";"";0.0;"";"";"";""
"13f579db255622e43c360e8882fd85bb";"入库单";"";"op_add";"723a3d0ea861950b06ac6377e0db4382";"46f6c112e8c03fc85ce0380a1185b99d";"增加";"Y";"";"";"";"";0.0;"";"";"";""
"15c925aa62d4a2e6837e39973b4919cb";"套餐标签";"";"op_update";"33307d8139297b4e4da123d4a5fb396b";"944961716df39775cb3944721ae8435f";"修改";"Y";"";"";"";"";0.0;"";"";"";""
"1684031625eca79016ef209ee800d96f";"库存信息";"";"op_update";"b8ceff96a547e6d250d4539cfe76418c";"944961716df39775cb3944721ae8435f";"修改";"Y";"";"";"";"";0.0;"";"";"";""
"1687ee38a60868f8e1d29179c39ba9d6";"客户回访";"";"op_update";"462117e248bd470a683bccf3a6a2003c";"944961716df39775cb3944721ae8435f";"修改";"Y";"";"";"";"";0.0;"";"";"";""
"187878b9a847798bd4ab9ebce15fb6ab";"员工管理";"";"op_remove";"7f1cc5dbf85b247df612c5d61f7f0460";"d054f8c3aa374492782da653b383c1e2";"删除";"Y";"";"";"";"";0.0;"";"";"";""
"18cc050ea3f7e7ee9d0e42b0cd88c7da";"员工账号";"";"op_add";"ebda4ef496f4323eee47db6e37821f24";"46f6c112e8c03fc85ce0380a1185b99d";"增加";"Y";"";"";"";"";0.0;"";"";"";""
"195005139d65edfc5cf036725e4d614e";"出库单";"";"op_search";"df857496be9d5416a6f4821f81e7e959";"109732f5f55fdc92d698de56b2d56c97";"查询";"Y";"";"";"";"";0.0;"";"";"";""
"195c3f2c5a53c04cf5cc34a6e1475949";"库存调拨";"";"op_remove";"68a08de3a0499b3bf122991dd94424dc";"d054f8c3aa374492782da653b383c1e2";"删除";"Y";"";"";"";"";0.0;"";"";"";""
"1a035790a3cf056a0f0036d961076ee3";"功能管理";"";"op_search";"d0a9419772a281bc0ec267c5c254bd08";"109732f5f55fdc92d698de56b2d56c97";"查询";"Y";"";"";"";"";0.0;"";"";"";""
"1da9f47cb18187bf9bc567c3aa498d79";"字典管理";"";"op_remove";"24eb2ef958e90103d6a6040850542f9b";"d054f8c3aa374492782da653b383c1e2";"删除";"Y";"";"";"";"";0.0;"";"";"";""
"1db60d36577ed67c407f96d020cef2cc";"检点目录";"";"op_add";"0f40f48a4e69cd64799d33ce8366f0db";"46f6c112e8c03fc85ce0380a1185b99d";"增加";"Y";"";"";"";"";0.0;"";"";"";""
"1dc36c8eda8fb9447e7f6fe179b524f2";"配件目录";"";"op_add";"9b323dbeac8040546e4a6e7d09f5fc7b";"46f6c112e8c03fc85ce0380a1185b99d";"增加";"Y";"";"";"";"";0.0;"";"";"";""
"1e147917792288af9fa3f6766d346f36";"商品定价管理";"";"op_update";"0f24d8ffe216a5f85e27db5b3de4167f";"944961716df39775cb3944721ae8435f";"修改";"Y";"";"";"";"";0.0;"";"";"";""
"1eda43c28e8ea73a384e45c06c8532e9";"优惠券管理";"";"op_search";"1562c85e54751ed60658bd474b8e6051";"109732f5f55fdc92d698de56b2d56c97";"查询";"Y";"";"";"";"";0.0;"";"";"";""
"2067fe541aa2b9a9fe924669f3319956";"检点项目";"";"op_search";"472413e97cd4fe64ffce63f5c09790b1";"109732f5f55fdc92d698de56b2d56c97";"查询";"Y";"";"";"";"";0.0;"";"";"";""
"20bde3a7684bc84ab915ca16059c0ecb";"优惠券消费记录";"";"op_update";"1fc0d5ec7646c09e81e374f624232d13";"944961716df39775cb3944721ae8435f";"修改";"Y";"";"";"";"";0.0;"";"";"";""
"20d3b1c22d1f2e6e21fc2718bdb67b2a";"库存调拨";"";"op_update";"68a08de3a0499b3bf122991dd94424dc";"944961716df39775cb3944721ae8435f";"修改";"Y";"";"";"";"";0.0;"";"";"";""
"2160a56c2538a5437da2bf7534334752";"会员卡充值";"";"op_update";"369c1046345b1a5aed3e46dfe219c454";"944961716df39775cb3944721ae8435f";"修改";"Y";"";"";"";"";0.0;"";"";"";""
"22882112e5804e93230d3362f214094d";"批量开发";"";"op_remove";"8249a7bfdfc296d3828f33e45a95b78e";"d054f8c3aa374492782da653b383c1e2";"删除";"Y";"";"";"";"";0.0;"";"";"";""
"22b7bbe1b828560971dfd6d593f4959d";"批量开发";"";"op_update";"8249a7bfdfc296d3828f33e45a95b78e";"944961716df39775cb3944721ae8435f";"修改";"Y";"";"";"";"";0.0;"";"";"";""
"2349ee8fa2632e1639a0edd59bf9a22d";"部门管理";"";"op_remove";"6b91ca2885382d228347e3fbb9d8737b";"d054f8c3aa374492782da653b383c1e2";"删除";"Y";"";"";"";"";0.0;"";"";"";""
"24ad35b23d420d3f61c789b6e81dae32";"盘点";"";"op_add";"7335ad453de4d5d9384f2241b4a56722";"46f6c112e8c03fc85ce0380a1185b99d";"增加";"Y";"";"";"";"";0.0;"";"";"";""
"29840845b23b1f5dbb6270bd19e12150";"制卡管理";"";"op_remove";"dbb8b76b67812ecaa8395b62aae897cf";"d054f8c3aa374492782da653b383c1e2";"删除";"Y";"";"";"";"";0.0;"";"";"";""
"29c56adb25c3e7b078db52293c8fc7c7";"门店套餐情况";"";"op_update";"2af5cba1ffc3b7f9c6cc8bbab7c48a67";"944961716df39775cb3944721ae8435f";"修改";"Y";"";"";"";"";0.0;"";"";"";""
"29cd2b921df36e27e54b8165c8d701a2";"套餐标签";"";"op_remove";"33307d8139297b4e4da123d4a5fb396b";"d054f8c3aa374492782da653b383c1e2";"删除";"Y";"";"";"";"";0.0;"";"";"";""
"29d736f7b77e68f3f7951ad302a8b2bb";"套餐销售";"";"op_add";"a6a50c7acdfec5c9f948247f4b2881cf";"46f6c112e8c03fc85ce0380a1185b99d";"增加";"Y";"";"";"";"";0.0;"";"";"";""
"2a04acebe3fa705228b15539d4ca6ae3";"服务项目管理";"";"op_remove";"176b0d13defe9774c6e102870bd46e78";"d054f8c3aa374492782da653b383c1e2";"删除";"Y";"";"";"";"";0.0;"";"";"";""
"2cf65035c2c61fc8cdc766b8023cc905";"员工账号";"";"op_update";"ebda4ef496f4323eee47db6e37821f24";"944961716df39775cb3944721ae8435f";"修改";"Y";"";"";"";"";0.0;"";"";"";""
"2d20551ea953bb373c78241e3b06d27c";"商品定价管理";"";"op_search";"0f24d8ffe216a5f85e27db5b3de4167f";"109732f5f55fdc92d698de56b2d56c97";"查询";"Y";"";"";"";"";0.0;"";"";"";""
"2dbcdc704b4c66e158a7aaeb94522634";"客户车辆管理";"";"op_update";"d2765c2e7cc00f9addb028ed3c5b83d7";"944961716df39775cb3944721ae8435f";"修改";"Y";"";"";"";"";0.0;"";"";"";""
"2e7148a5b817ea46791c507035ff5d17";"商品定价管理";"";"op_remove";"0f24d8ffe216a5f85e27db5b3de4167f";"d054f8c3aa374492782da653b383c1e2";"删除";"Y";"";"";"";"";0.0;"";"";"";""
"2ebf52d447d5bb0cc1f82886f8d9ecd2";"门店信息管理";"";"op_remove";"126bf4c222fb47b0aa4479599a18aef4";"d054f8c3aa374492782da653b383c1e2";"删除";"Y";"";"";"";"";0.0;"";"";"";""
"302f817ca1746b69ab8bd4aa20b7461d";"检点包";"";"op_add";"d96e25692248b4e2a401c820aad02f03";"46f6c112e8c03fc85ce0380a1185b99d";"增加";"Y";"";"";"";"";0.0;"";"";"";""
"319d03cfeba4dd2ec2bca25a544bc622";"检点项目";"";"op_remove";"472413e97cd4fe64ffce63f5c09790b1";"d054f8c3aa374492782da653b383c1e2";"删除";"Y";"";"";"";"";0.0;"";"";"";""
"31cc0e7e9e8b6a1b28d0150f544f5010";"车辆品牌";"";"op_search";"67fe89e006c9e7c13c1acad373a5ebae";"109732f5f55fdc92d698de56b2d56c97";"查询";"Y";"";"";"";"";0.0;"";"";"";""
"3205ae05d9e47166069cd788b18ef8b2";"客户回访";"";"op_remove";"462117e248bd470a683bccf3a6a2003c";"d054f8c3aa374492782da653b383c1e2";"删除";"Y";"";"";"";"";0.0;"";"";"";""
"32e1a00fdfc66a74a43caff19e2b9e27";"领卡记录";"";"op_add";"68e004e1dc25aa76c4d5f86d8bd87606";"46f6c112e8c03fc85ce0380a1185b99d";"增加";"Y";"";"";"";"";0.0;"";"";"";""
"3381f3ad07e84c143ac549f47bcbbeca";"员工账号";"";"op_search";"ebda4ef496f4323eee47db6e37821f24";"109732f5f55fdc92d698de56b2d56c97";"查询";"Y";"";"";"";"";0.0;"";"";"";""
"33d70f70f2c274d5be1389d641bf9fa8";"客户预约";"";"op_add";"fdfbbab753be1d803a8f196bbd9b3f0a";"46f6c112e8c03fc85ce0380a1185b99d";"增加";"Y";"";"";"";"";0.0;"";"";"";""
"34a2606f6d300a662703bb591ee9d385";"区域管理";"";"op_search";"3b2c4e74b23c3dc3ae1a447a9c9cd20f";"109732f5f55fdc92d698de56b2d56c97";"查询";"Y";"";"";"";"";0.0;"";"";"";""
"364a242e699c8fbb86b8a571964f6a84";"点检单";"";"op_add";"0e6d328f660e8ed532d97c20d166d1f2";"46f6c112e8c03fc85ce0380a1185b99d";"增加";"Y";"";"";"";"";0.0;"";"";"";""
"3775787cfd784e43c3939474c1ef438a";"地理信息";"";"op_add";"836d9a36f37dd3a437f839b7b0a04e4e";"46f6c112e8c03fc85ce0380a1185b99d";"增加";"Y";"";"";"";"";0.0;"";"";"";""
"3810e8ef05fa57149f644c382a6305a3";"帐号管理";"";"op_add";"0ecda882e499a8201b4cc0ab718236cd";"46f6c112e8c03fc85ce0380a1185b99d";"增加";"Y";"";"";"";"";0.0;"";"";"";""
"38c999519d3e5f62cc5bcc270e7031c0";"优惠券管理";"";"op_remove";"1562c85e54751ed60658bd474b8e6051";"d054f8c3aa374492782da653b383c1e2";"删除";"Y";"";"";"";"";0.0;"";"";"";""
"3906d1336ec61253e6ccedfeccd31ceb";"车间信息管理";"";"op_update";"ae86a0236b67223f9aa22083d6c7c71e";"944961716df39775cb3944721ae8435f";"修改";"Y";"";"";"";"";0.0;"";"";"";""
"3a3a3645a3109bead1c3623acf4730de";"储值卡产品定义";"";"op_add";"c4f841170ee973f00cbcdb3d966ba687";"46f6c112e8c03fc85ce0380a1185b99d";"增加";"Y";"";"";"";"";0.0;"";"";"";""
"3a3c18a15bbefa675ae1d21d38681be2";"门店银行帐户管理";"";"op_remove";"611451dacea47fdda23bf97d07915da0";"d054f8c3aa374492782da653b383c1e2";"删除";"Y";"";"";"";"";0.0;"";"";"";""
"3acb35bfac02bda1741837e3731c9513";"服务目录";"";"op_update";"02f73acc33b6858d30ac815b3f572285";"944961716df39775cb3944721ae8435f";"修改";"Y";"";"";"";"";0.0;"";"";"";""
"3c1163c1945f114a94897ed34b3ee1cd";"地理信息";"";"op_remove";"836d9a36f37dd3a437f839b7b0a04e4e";"d054f8c3aa374492782da653b383c1e2";"删除";"Y";"";"";"";"";0.0;"";"";"";""
"3c2a12b7569a4643c9a76e79d7501e6c";"区域管理";"";"op_remove";"3b2c4e74b23c3dc3ae1a447a9c9cd20f";"d054f8c3aa374492782da653b383c1e2";"删除";"Y";"";"";"";"";0.0;"";"";"";""
"3d9bc3356a5bc9ce55e77501f25eb0c6";"入库单";"";"op_update";"723a3d0ea861950b06ac6377e0db4382";"944961716df39775cb3944721ae8435f";"修改";"Y";"";"";"";"";0.0;"";"";"";""
"40782adbdc999e22008135606903aa52";"车辆厂家";"";"op_search";"ea9aa4b722c3c1d8cb1426065812d57c";"109732f5f55fdc92d698de56b2d56c97";"查询";"Y";"";"";"";"";0.0;"";"";"";""
"409a2a70dc00d534b95225a6719df64e";"客户接待";"";"op_remove";"1767a1dbec270d45ad61a0ffef9ca80a";"d054f8c3aa374492782da653b383c1e2";"删除";"Y";"";"";"";"";0.0;"";"";"";""
"40a884faf3672e567b27adb68fc3becd";"班组信息管理";"";"op_update";"50697958d7b6b2b26d8a135d951afb6a";"944961716df39775cb3944721ae8435f";"修改";"Y";"";"";"";"";0.0;"";"";"";""
"40b68569de79150c9e089c78e97edc1f";"服务项目";"";"op_add";"e9bd18d8d787cdbcdfa9dc83a720797e";"46f6c112e8c03fc85ce0380a1185b99d";"增加";"Y";"";"";"";"";0.0;"";"";"";""
"411597fd6879a6869fa3ccd718a1c229";"客户车辆管理";"";"op_add";"d2765c2e7cc00f9addb028ed3c5b83d7";"46f6c112e8c03fc85ce0380a1185b99d";"增加";"Y";"";"";"";"";0.0;"";"";"";""
"4134994aa442dc4da0f8ae3ea01f5ae1";"发卡管理";"";"op_update";"f84f386dfd13792cfe7d5165f9c589ae";"944961716df39775cb3944721ae8435f";"修改";"Y";"";"";"";"";0.0;"";"";"";""
"42b7e232018660f045d83ebdccd182d7";"库存初始化";"";"op_update";"18725a5401b12ef76b20f2c347d80c51";"944961716df39775cb3944721ae8435f";"修改";"Y";"";"";"";"";0.0;"";"";"";""
"439844390882cc1ad0fd52d3fa6cdd3c";"部门管理";"";"op_search";"6b91ca2885382d228347e3fbb9d8737b";"109732f5f55fdc92d698de56b2d56c97";"查询";"Y";"";"";"";"";0.0;"";"";"";""
"43da7c745c51e0b6a76641e55a2f0a10";"客户车辆管理";"";"op_search";"d2765c2e7cc00f9addb028ed3c5b83d7";"109732f5f55fdc92d698de56b2d56c97";"查询";"Y";"";"";"";"";0.0;"";"";"";""
"440e76db4c179d8fd564dff8983e1372";"员工管理";"";"op_search";"7f1cc5dbf85b247df612c5d61f7f0460";"109732f5f55fdc92d698de56b2d56c97";"查询";"Y";"";"";"";"";0.0;"";"";"";""
"44b00b6fde19ac4e24abb1291e0441fd";"功能管理";"";"op_remove";"d0a9419772a281bc0ec267c5c254bd08";"d054f8c3aa374492782da653b383c1e2";"删除";"Y";"";"";"";"";0.0;"";"";"";""
"4577231f2239d185037573800cae49a5";"门店套餐管理";"";"op_search";"113dc3d99513b8628e6c65c7c8b7a2a0";"109732f5f55fdc92d698de56b2d56c97";"查询";"Y";"";"";"";"";0.0;"";"";"";""
"46efaa8d0bee2f4df5e4b89817fc0bbd";"车型信息";"";"op_remove";"ae9e88d89d8663838866d77988f204e7";"d054f8c3aa374492782da653b383c1e2";"删除";"Y";"";"";"";"";0.0;"";"";"";""
"4785cc8342f66dddba28f79b9597c4aa";"角色管理";"";"op_update";"1be1345dec2623464ef0b0587902b9f4";"944961716df39775cb3944721ae8435f";"修改";"Y";"";"";"";"";0.0;"";"";"";""
"47bd11df782d1115919ab526d7e428e8";"车型信息";"";"op_search";"ae9e88d89d8663838866d77988f204e7";"109732f5f55fdc92d698de56b2d56c97";"查询";"Y";"";"";"";"";0.0;"";"";"";""
"47fafbc91be65e501147745766b66089";"客户接待";"";"op_update";"1767a1dbec270d45ad61a0ffef9ca80a";"944961716df39775cb3944721ae8435f";"修改";"Y";"";"";"";"";0.0;"";"";"";""
"48ccb440ab028d312a9a0e2779f4e0cb";"优惠券管理";"";"op_update";"1562c85e54751ed60658bd474b8e6051";"944961716df39775cb3944721ae8435f";"修改";"Y";"";"";"";"";0.0;"";"";"";""
"48fabeefa8d8eed0812ce687dfae6e47";"车辆保养周期";"";"op_add";"274656aad1ac3bae68953a1e515477de";"46f6c112e8c03fc85ce0380a1185b99d";"增加";"Y";"";"";"";"";0.0;"";"";"";""
"496fdecdc011318fa50250523d112980";"储值卡产品";"";"op_update";"4998c7f10564955dfaf8cbe8744fc98a";"944961716df39775cb3944721ae8435f";"修改";"Y";"";"";"";"";0.0;"";"";"";""
"49e54313a0d6b7d2025998c8e6dc8aaf";"保养类型与服务项目关系";"";"op_search";"385063023e78c51c299914206e9737ba";"109732f5f55fdc92d698de56b2d56c97";"查询";"Y";"";"";"";"";0.0;"";"";"";""
"4a770dad86b5e7d33b771c3055d8e0e1";"车间信息管理";"";"op_add";"ae86a0236b67223f9aa22083d6c7c71e";"46f6c112e8c03fc85ce0380a1185b99d";"增加";"Y";"";"";"";"";0.0;"";"";"";""
"4d0f2cb17e8b58c523a842d423ccb963";"优惠券汇总";"";"op_add";"a65dfc05ef5a99cf3f5824c617f6a118";"46f6c112e8c03fc85ce0380a1185b99d";"增加";"Y";"";"";"";"";0.0;"";"";"";""
"50481d39feaceef10bb18b9f606a5500";"配件信息";"";"op_add";"9d07bc5baaeacac174cf7ab517b8b4cd";"46f6c112e8c03fc85ce0380a1185b99d";"增加";"Y";"";"";"";"";0.0;"";"";"";""
"50d7149f722952c8faac84d9852db314";"门店套餐管理";"";"op_add";"113dc3d99513b8628e6c65c7c8b7a2a0";"46f6c112e8c03fc85ce0380a1185b99d";"增加";"Y";"";"";"";"";0.0;"";"";"";""
"516ab954c38e3cf7f9033d8edbcd5c64";"批量开发";"";"op_add";"8249a7bfdfc296d3828f33e45a95b78e";"46f6c112e8c03fc85ce0380a1185b99d";"增加";"Y";"";"";"";"";0.0;"";"";"";""
"56201df83560db6bb60968d6638dc5b6";"制卡管理";"";"op_search";"dbb8b76b67812ecaa8395b62aae897cf";"109732f5f55fdc92d698de56b2d56c97";"查询";"Y";"";"";"";"";0.0;"";"";"";""
"5681c457be5b10f124442ebc2074f744";"班组信息管理";"";"op_search";"50697958d7b6b2b26d8a135d951afb6a";"109732f5f55fdc92d698de56b2d56c97";"查询";"Y";"";"";"";"";0.0;"";"";"";""
"578526b5d2c691cb38f6e97ea6b9a525";"车系管理";"";"op_search";"bb8ca80fefa7cb0fea0b1d47c3e36c88";"109732f5f55fdc92d698de56b2d56c97";"查询";"Y";"";"";"";"";0.0;"";"";"";""
"57c45442cf3fba88cf78924ad603e2a9";"优惠券申请";"";"op_remove";"5f7fdee4d56fc5badff60ce1cf525a55";"d054f8c3aa374492782da653b383c1e2";"删除";"Y";"";"";"";"";0.0;"";"";"";""
"586b45951dd1f1d14257a43a1c02777a";"服务项目";"";"op_search";"e9bd18d8d787cdbcdfa9dc83a720797e";"109732f5f55fdc92d698de56b2d56c97";"查询";"Y";"";"";"";"";0.0;"";"";"";""
"58dd701bb41affc66a47201b3656a359";"会员卡管理";"";"op_add";"30b6f5a63f1ce427fdc12c2a177c57db";"46f6c112e8c03fc85ce0380a1185b99d";"增加";"Y";"";"";"";"";0.0;"";"";"";""
"5be11033f0f0f304c6b5ed557a7949ef";"部门管理";"";"op_add";"6b91ca2885382d228347e3fbb9d8737b";"46f6c112e8c03fc85ce0380a1185b99d";"增加";"Y";"";"";"";"";0.0;"";"";"";""
"5f614b5dc038a43dd1cc3a02740e3024";"配件目录";"";"op_search";"9b323dbeac8040546e4a6e7d09f5fc7b";"109732f5f55fdc92d698de56b2d56c97";"查询";"Y";"";"";"";"";0.0;"";"";"";""
"5f63e22072dc404f2f6d446c8d404077";"优惠券申请";"";"op_search";"5f7fdee4d56fc5badff60ce1cf525a55";"109732f5f55fdc92d698de56b2d56c97";"查询";"Y";"";"";"";"";0.0;"";"";"";""
"5fc1ea41ffda0c1171f88e3c882f51f3";"营销组合产品";"";"op_search";"561cc3b69f03e365ff90f722e96ec9be";"109732f5f55fdc92d698de56b2d56c97";"查询";"Y";"";"";"";"";0.0;"";"";"";""
"6162d08ddb56dfb3e29e497eb90e630e";"门店信息";"";"op_remove";"945de10a8fac471f8ddddadc46b63721";"d054f8c3aa374492782da653b383c1e2";"删除";"Y";"";"";"";"";0.0;"";"";"";""
"62d8647cc852960a18e34ac33d2d7c23";"门店套餐情况";"";"op_add";"2af5cba1ffc3b7f9c6cc8bbab7c48a67";"46f6c112e8c03fc85ce0380a1185b99d";"增加";"Y";"";"";"";"";0.0;"";"";"";""
"63ca2c18a1e3c52f38c2c12f201cd337";"车辆品牌";"";"op_add";"67fe89e006c9e7c13c1acad373a5ebae";"46f6c112e8c03fc85ce0380a1185b99d";"增加";"Y";"";"";"";"";0.0;"";"";"";""
"63e891e730b1011a8351150df9a8f0c8";"车辆厂家";"";"op_add";"ea9aa4b722c3c1d8cb1426065812d57c";"46f6c112e8c03fc85ce0380a1185b99d";"增加";"Y";"";"";"";"";0.0;"";"";"";""
"649a085db3ab7b6cb5d3724123c4f437";"出库单";"";"op_add";"edb68f089f88956f088e993b3a039133";"46f6c112e8c03fc85ce0380a1185b99d";"增加";"Y";"";"";"";"";0.0;"";"";"";""
"64a9d79164663196a3c4950339546788";"优惠券汇总";"";"op_remove";"a65dfc05ef5a99cf3f5824c617f6a118";"d054f8c3aa374492782da653b383c1e2";"删除";"Y";"";"";"";"";0.0;"";"";"";""
"64cfa1dfe6082d2cfd30b428ae530c32";"门店信息管理";"";"op_update";"126bf4c222fb47b0aa4479599a18aef4";"944961716df39775cb3944721ae8435f";"修改";"Y";"";"";"";"";0.0;"";"";"";""
"654fc6a9b4aef7a10c34120554095031";"车辆厂家";"";"op_update";"ea9aa4b722c3c1d8cb1426065812d57c";"944961716df39775cb3944721ae8435f";"修改";"Y";"";"";"";"";0.0;"";"";"";""
"664993d10a997943bb5bbe0b714a0fca";"套餐销售";"";"op_search";"a6a50c7acdfec5c9f948247f4b2881cf";"109732f5f55fdc92d698de56b2d56c97";"查询";"Y";"";"";"";"";0.0;"";"";"";""
"67a32297dcc116fde71802629f83e1ee";"维修收款";"";"op_remove";"0972c66a9bed8f4464b0138d55de354a";"d054f8c3aa374492782da653b383c1e2";"删除";"Y";"";"";"";"";0.0;"";"";"";""
"67db1683e535b534f5be5c90d127e14c";"发卡管理";"";"op_remove";"f84f386dfd13792cfe7d5165f9c589ae";"d054f8c3aa374492782da653b383c1e2";"删除";"Y";"";"";"";"";0.0;"";"";"";""
"6826922ebb6ff6f519dbc50cda7bdb16";"服务项目管理";"";"op_search";"176b0d13defe9774c6e102870bd46e78";"109732f5f55fdc92d698de56b2d56c97";"查询";"Y";"";"";"";"";0.0;"";"";"";""
"692114e3fbaf54dcb433a26577394208";"优惠券上架";"";"op_add";"b398c969b7d87e378b981e97bdff5767";"46f6c112e8c03fc85ce0380a1185b99d";"增加";"Y";"";"";"";"";0.0;"";"";"";""
"69f0c0b74750559ded43eee00fbcb3f7";"盘点";"";"op_update";"7335ad453de4d5d9384f2241b4a56722";"944961716df39775cb3944721ae8435f";"修改";"Y";"";"";"";"";0.0;"";"";"";""
"6a533ed378fbff30d3da75dd5dd82f32";"配件目录";"";"op_search";"ff67e1d21e1fa0e2c8e2ce4fa9673830";"109732f5f55fdc92d698de56b2d56c97";"查询";"Y";"";"";"";"";0.0;"";"";"";""
"6aecdb8240450b468f7756d64ecaf57f";"套餐产品管理";"";"op_add";"1273528711af9b41e7ee2e6e8c49ffe1";"46f6c112e8c03fc85ce0380a1185b99d";"增加";"Y";"";"";"";"";0.0;"";"";"";""
"6d1aa8bb15b20dd1fd99f7220068d4b3";"储值卡产品定义";"";"op_update";"c4f841170ee973f00cbcdb3d966ba687";"944961716df39775cb3944721ae8435f";"修改";"Y";"";"";"";"";0.0;"";"";"";""
"6d600c5d07b07c6787e2d3a85ef3db9b";"配件目录";"";"op_remove";"9b323dbeac8040546e4a6e7d09f5fc7b";"d054f8c3aa374492782da653b383c1e2";"删除";"Y";"";"";"";"";0.0;"";"";"";""
"6d7ac1092ec55c251e10d8c863b45629";"出库单";"";"op_update";"edb68f089f88956f088e993b3a039133";"944961716df39775cb3944721ae8435f";"修改";"Y";"";"";"";"";0.0;"";"";"";""
"6e71fff712fec403e278f15a756bf2b9";"车系管理";"";"op_update";"bb8ca80fefa7cb0fea0b1d47c3e36c88";"944961716df39775cb3944721ae8435f";"修改";"Y";"";"";"";"";0.0;"";"";"";""
"6f8db28d756d9d180c77916c3fbe0b1a";"营销组合产品";"";"op_update";"561cc3b69f03e365ff90f722e96ec9be";"944961716df39775cb3944721ae8435f";"修改";"Y";"";"";"";"";0.0;"";"";"";""
"706404f1f23a4b1ea4acaa277392e70f";"出库单";"";"op_remove";"df857496be9d5416a6f4821f81e7e959";"d054f8c3aa374492782da653b383c1e2";"删除";"Y";"";"";"";"";0.0;"";"";"";""
"70dd0248f96af12a0b531bb1f156e2e2";"储值卡产品";"";"op_add";"4998c7f10564955dfaf8cbe8744fc98a";"46f6c112e8c03fc85ce0380a1185b99d";"增加";"Y";"";"";"";"";0.0;"";"";"";""
"71c7c21437f3230d18f0449e3d042baf";"会员卡充值";"";"op_search";"369c1046345b1a5aed3e46dfe219c454";"109732f5f55fdc92d698de56b2d56c97";"查询";"Y";"";"";"";"";0.0;"";"";"";""
"71cb7f6c373309c8af89e44dabcc049c";"领卡记录";"";"op_search";"68e004e1dc25aa76c4d5f86d8bd87606";"109732f5f55fdc92d698de56b2d56c97";"查询";"Y";"";"";"";"";0.0;"";"";"";""
"721899f6d0d427440ca6b62eaecee8f2";"套餐销售";"";"op_remove";"a6a50c7acdfec5c9f948247f4b2881cf";"d054f8c3aa374492782da653b383c1e2";"删除";"Y";"";"";"";"";0.0;"";"";"";""
"724c90d849cc0fc9a304b03c3ebd118f";"员工信息管理";"";"op_update";"cfd332acfb342035c603b2650f3bc87c";"944961716df39775cb3944721ae8435f";"修改";"Y";"";"";"";"";0.0;"";"";"";""
"728dfd5a39604b6a7017a1c677e8b966";"区域管理";"";"op_update";"3b2c4e74b23c3dc3ae1a447a9c9cd20f";"944961716df39775cb3944721ae8435f";"修改";"Y";"";"";"";"";0.0;"";"";"";""
"73b6bfcba50bf06b26549717a000ba13";"采购退货";"";"op_search";"5a648478a3c1859efa4a47723e807856";"109732f5f55fdc92d698de56b2d56c97";"查询";"Y";"";"";"";"";0.0;"";"";"";""
"747a26d0fbb49d3ff8629312b1e8b703";"维修领料";"";"op_update";"5b38e69560709ad72dcedb742f197669";"944961716df39775cb3944721ae8435f";"修改";"Y";"";"";"";"";0.0;"";"";"";""
"758443d5e8ade6d82bf22a075ccf4fb7";"优惠券申请";"";"op_update";"5f7fdee4d56fc5badff60ce1cf525a55";"944961716df39775cb3944721ae8435f";"修改";"Y";"";"";"";"";0.0;"";"";"";""
"76b998c1f3aab6d97b39016e2e00efbd";"出库单";"";"op_remove";"edb68f089f88956f088e993b3a039133";"d054f8c3aa374492782da653b383c1e2";"删除";"Y";"";"";"";"";0.0;"";"";"";""
"7a01cff3af56acf63944472d9754feaa";"资源管理";"";"op_add";"7dcef7d76d6fd79451fc91b31a02b323";"46f6c112e8c03fc85ce0380a1185b99d";"增加";"Y";"";"";"";"";0.0;"";"";"";""
"7a74e45c069d2aa86c35318c59fe82d1";"维修收款";"";"op_add";"0972c66a9bed8f4464b0138d55de354a";"46f6c112e8c03fc85ce0380a1185b99d";"增加";"Y";"";"";"";"";0.0;"";"";"";""
"7b828d600f6d73d01d151f711d409d0e";"会员卡管理";"";"op_remove";"30b6f5a63f1ce427fdc12c2a177c57db";"d054f8c3aa374492782da653b383c1e2";"删除";"Y";"";"";"";"";0.0;"";"";"";""
"7c3bf3838e4dec8d54edf8f7db6ecd64";"出入库统计";"";"op_remove";"b8106409dab4bc7f809b557756cb3ac9";"d054f8c3aa374492782da653b383c1e2";"删除";"Y";"";"";"";"";0.0;"";"";"";""
"7dbbda1d8c48970d9b28763ecd56177d";"保养类型与服务项目关系";"";"op_add";"385063023e78c51c299914206e9737ba";"46f6c112e8c03fc85ce0380a1185b99d";"增加";"Y";"";"";"";"";0.0;"";"";"";""
"7ed1df43b0a16780f22986d4a456ac40";"库存信息";"";"op_search";"b8ceff96a547e6d250d4539cfe76418c";"109732f5f55fdc92d698de56b2d56c97";"查询";"Y";"";"";"";"";0.0;"";"";"";""
"80328cc6e50d492dcefe2596213e4a01";"配件信息";"";"op_update";"9d07bc5baaeacac174cf7ab517b8b4cd";"944961716df39775cb3944721ae8435f";"修改";"Y";"";"";"";"";0.0;"";"";"";""
"804ade9b17efbfa2f19bf6229fd1b675";"车辆品牌";"";"op_remove";"67fe89e006c9e7c13c1acad373a5ebae";"d054f8c3aa374492782da653b383c1e2";"删除";"Y";"";"";"";"";0.0;"";"";"";""
"80807556af0c6681a6217823c3be1422";"维修管理";"";"op_update";"ee98c14b8679e2a72bb71216d450e3a1";"944961716df39775cb3944721ae8435f";"修改";"Y";"";"";"";"";0.0;"";"";"";""
"81b07854dc76d790aa1a36dd6ed263c6";"配件信息";"";"op_search";"9d07bc5baaeacac174cf7ab517b8b4cd";"109732f5f55fdc92d698de56b2d56c97";"查询";"Y";"";"";"";"";0.0;"";"";"";""
"81cf04d6643ffa57c0e36ad2c7e70362";"门店银行帐户管理";"";"op_search";"611451dacea47fdda23bf97d07915da0";"109732f5f55fdc92d698de56b2d56c97";"查询";"Y";"";"";"";"";0.0;"";"";"";""
"82be83c174651c51c7ccbb279f20d2f8";"优惠券汇总";"";"op_update";"a65dfc05ef5a99cf3f5824c617f6a118";"944961716df39775cb3944721ae8435f";"修改";"Y";"";"";"";"";0.0;"";"";"";""
"83bf32b3ba8b423b7b7877b29666a73a";"呼叫中心回访";"";"op_remove";"124e8bed2607aa4b90649136984640eb";"d054f8c3aa374492782da653b383c1e2";"删除";"Y";"";"";"";"";0.0;"";"";"";""
"8426d04c97595fcbb06994393eccd980";"车辆保养周期";"";"op_update";"274656aad1ac3bae68953a1e515477de";"944961716df39775cb3944721ae8435f";"修改";"Y";"";"";"";"";0.0;"";"";"";""
"85162b32472d4250dc4d8cb0bddbd969";"营销组合产品";"";"op_add";"561cc3b69f03e365ff90f722e96ec9be";"46f6c112e8c03fc85ce0380a1185b99d";"增加";"Y";"";"";"";"";0.0;"";"";"";""
"859761cb1afc8edfe265cbe1b3f61fe5";"门店信息";"";"op_search";"945de10a8fac471f8ddddadc46b63721";"109732f5f55fdc92d698de56b2d56c97";"查询";"Y";"";"";"";"";0.0;"";"";"";""
"86954c61721dab9704e97b2f095f5b8f";"优惠券明细";"";"op_search";"de8f22c0405f85f6e42aa8c45c040364";"109732f5f55fdc92d698de56b2d56c97";"查询";"Y";"";"";"";"";0.0;"";"";"";""
"885f21acc9a2d883f19b022234dad4e8";"服务项目管理";"";"op_update";"176b0d13defe9774c6e102870bd46e78";"944961716df39775cb3944721ae8435f";"修改";"Y";"";"";"";"";0.0;"";"";"";""
"895eae62c0a6c3e74cad1c2532f28605";"套餐产品管理";"";"op_remove";"1273528711af9b41e7ee2e6e8c49ffe1";"d054f8c3aa374492782da653b383c1e2";"删除";"Y";"";"";"";"";0.0;"";"";"";""
"8a05ac9f3c95dcd2b792b6c8e474cf26";"客户询价";"";"op_search";"3e5b2fef51fb4ee3fba3cb8936870561";"109732f5f55fdc92d698de56b2d56c97";"查询";"Y";"";"";"";"";0.0;"";"";"";""
"8ae26fd2d441c711303dc0e5ac71016f";"维修管理";"";"op_remove";"ee98c14b8679e2a72bb71216d450e3a1";"d054f8c3aa374492782da653b383c1e2";"删除";"Y";"";"";"";"";0.0;"";"";"";""
"8b445337bb43b09a31805624b978a139";"门店信息管理";"";"op_add";"126bf4c222fb47b0aa4479599a18aef4";"46f6c112e8c03fc85ce0380a1185b99d";"增加";"Y";"";"";"";"";0.0;"";"";"";""
"8b88dbd0570c63d309d47f4b91878d84";"服务目录";"";"op_search";"02f73acc33b6858d30ac815b3f572285";"109732f5f55fdc92d698de56b2d56c97";"查询";"Y";"";"";"";"";0.0;"";"";"";""
"8bc2ef7eeca6eec32caf245e9485413b";"出入库统计";"";"op_search";"b8106409dab4bc7f809b557756cb3ac9";"109732f5f55fdc92d698de56b2d56c97";"查询";"Y";"";"";"";"";0.0;"";"";"";""
"8cb6201587e177b8201684f28d676cb9";"采购退货";"";"op_add";"5a648478a3c1859efa4a47723e807856";"46f6c112e8c03fc85ce0380a1185b99d";"增加";"Y";"";"";"";"";0.0;"";"";"";""
"8cf805eaed1da781fcf3bc3756e009e8";"维修收款";"";"op_search";"0972c66a9bed8f4464b0138d55de354a";"109732f5f55fdc92d698de56b2d56c97";"查询";"Y";"";"";"";"";0.0;"";"";"";""
"8d8257d46802dbc6bf9a4c2226b7106a";"操作管理";"";"op_update";"23572b2b3ed58f4dbbd41014d68db2ba";"944961716df39775cb3944721ae8435f";"修改";"Y";"";"";"";"";0.0;"";"";"";""
"8d8ce6e9a3088bd48354a8b4bb4bf907";"优惠券申请";"";"op_add";"5f7fdee4d56fc5badff60ce1cf525a55";"46f6c112e8c03fc85ce0380a1185b99d";"增加";"Y";"";"";"";"";0.0;"";"";"";""
"8e0cbf4bd3911d7255af8df4598b6606";"角色管理";"";"op_add";"1be1345dec2623464ef0b0587902b9f4";"46f6c112e8c03fc85ce0380a1185b99d";"增加";"Y";"";"";"";"";0.0;"";"";"";""
"8fb30bbfbf4dae4bfeccef424201dca3";"优惠券上架";"";"op_remove";"b398c969b7d87e378b981e97bdff5767";"d054f8c3aa374492782da653b383c1e2";"删除";"Y";"";"";"";"";0.0;"";"";"";""
"9168ebcc0d51e412228eed4e352c8004";"套餐产品管理";"";"op_update";"1273528711af9b41e7ee2e6e8c49ffe1";"944961716df39775cb3944721ae8435f";"修改";"Y";"";"";"";"";0.0;"";"";"";""
"91d55eceb9dfa5baa8f74eabdc8c9381";"入库单";"";"op_search";"723a3d0ea861950b06ac6377e0db4382";"109732f5f55fdc92d698de56b2d56c97";"查询";"Y";"";"";"";"";0.0;"";"";"";""
"9253f38474faa3c5060e26d5de0f4880";"领卡记录";"";"op_remove";"68e004e1dc25aa76c4d5f86d8bd87606";"d054f8c3aa374492782da653b383c1e2";"删除";"Y";"";"";"";"";0.0;"";"";"";""
"9259690a79f7c1f1d1e7204e6677d7fc";"维修派工";"";"op_update";"fe5cafea4f84e0d1dfcdddf40043ce3d";"944961716df39775cb3944721ae8435f";"修改";"Y";"";"";"";"";0.0;"";"";"";""
"92a9a7141054c17709f9a083a38064a0";"资源管理";"";"op_update";"7dcef7d76d6fd79451fc91b31a02b323";"944961716df39775cb3944721ae8435f";"修改";"Y";"";"";"";"";0.0;"";"";"";""
"92b2708c8cc0aece0973e55a2e862265";"优惠券上架";"";"op_search";"b398c969b7d87e378b981e97bdff5767";"109732f5f55fdc92d698de56b2d56c97";"查询";"Y";"";"";"";"";0.0;"";"";"";""
"92c8266dbc80f60f5ca6d80fe5f49c84";"库存信息";"";"op_add";"b8ceff96a547e6d250d4539cfe76418c";"46f6c112e8c03fc85ce0380a1185b99d";"增加";"Y";"";"";"";"";0.0;"";"";"";""
"93a6472f5f8e5dd2a056159103f0c4a0";"检点目录";"";"op_search";"0f40f48a4e69cd64799d33ce8366f0db";"109732f5f55fdc92d698de56b2d56c97";"查询";"Y";"";"";"";"";0.0;"";"";"";""
"94349a130959a2a350a58cbd9b30b4cd";"仓库管理";"";"op_remove";"171548133dcac3a02037f06c96f8c27d";"d054f8c3aa374492782da653b383c1e2";"删除";"Y";"";"";"";"";0.0;"";"";"";""
"94531bb6d9caf49db1b95dfc9d6e3c13";"功能管理";"";"op_update";"d0a9419772a281bc0ec267c5c254bd08";"944961716df39775cb3944721ae8435f";"修改";"Y";"";"";"";"";0.0;"";"";"";""
"946925222dd4706978545a68d76f88fd";"客户询价";"";"op_update";"3e5b2fef51fb4ee3fba3cb8936870561";"944961716df39775cb3944721ae8435f";"修改";"Y";"";"";"";"";0.0;"";"";"";""
"952904be1b3e115c2d906afc8796321c";"员工信息管理";"";"op_remove";"cfd332acfb342035c603b2650f3bc87c";"d054f8c3aa374492782da653b383c1e2";"删除";"Y";"";"";"";"";0.0;"";"";"";""
"97145ff85d187928380039e5a6e1b72d";"门店套餐管理";"";"op_remove";"113dc3d99513b8628e6c65c7c8b7a2a0";"d054f8c3aa374492782da653b383c1e2";"删除";"Y";"";"";"";"";0.0;"";"";"";""
"9a63c70a6735ab3dc5f7f039835a82e8";"客户预约";"";"op_search";"fdfbbab753be1d803a8f196bbd9b3f0a";"109732f5f55fdc92d698de56b2d56c97";"查询";"Y";"";"";"";"";0.0;"";"";"";""
"9e0fef012607d23baf25f60536353798";"员工管理";"";"op_update";"7f1cc5dbf85b247df612c5d61f7f0460";"944961716df39775cb3944721ae8435f";"修改";"Y";"";"";"";"";0.0;"";"";"";""
"9e1a8ff5cc2fc101d93069573fac42c4";"客户接待";"";"op_search";"1767a1dbec270d45ad61a0ffef9ca80a";"109732f5f55fdc92d698de56b2d56c97";"查询";"Y";"";"";"";"";0.0;"";"";"";""
"9f44110697627cf89b30f974267c0031";"车间信息管理";"";"op_remove";"ae86a0236b67223f9aa22083d6c7c71e";"d054f8c3aa374492782da653b383c1e2";"删除";"Y";"";"";"";"";0.0;"";"";"";""
"a0c12fe358d4b4dd0b61295f4395522f";"盘点";"";"op_search";"7335ad453de4d5d9384f2241b4a56722";"109732f5f55fdc92d698de56b2d56c97";"查询";"Y";"";"";"";"";0.0;"";"";"";""
"a22801783805a5771e02e6afbd8254f5";"采购退货";"";"op_remove";"5a648478a3c1859efa4a47723e807856";"d054f8c3aa374492782da653b383c1e2";"删除";"Y";"";"";"";"";0.0;"";"";"";""
"a2954d2d252152d777e0e2a85ae30836";"提醒参数查看";"";"op_search";"4b5e405c355e763564541e9e3169e2eb";"109732f5f55fdc92d698de56b2d56c97";"查询";"Y";"";"";"";"";0.0;"";"";"";""
"a2d2824bd908632a5b5c3db75b52c719";"批量开发";"";"op_search";"8249a7bfdfc296d3828f33e45a95b78e";"109732f5f55fdc92d698de56b2d56c97";"查询";"Y";"";"";"";"";0.0;"";"";"";""
"a34b20e04568f9098f5c33444632c3b4";"班组信息管理";"";"op_add";"50697958d7b6b2b26d8a135d951afb6a";"46f6c112e8c03fc85ce0380a1185b99d";"增加";"Y";"";"";"";"";0.0;"";"";"";""
"a42546fc4021565cd667e69213dbdd55";"门店银行帐户管理";"";"op_update";"611451dacea47fdda23bf97d07915da0";"944961716df39775cb3944721ae8435f";"修改";"Y";"";"";"";"";0.0;"";"";"";""
"a4eb80cf283f2d7523df5c960db12401";"操作管理";"";"op_add";"23572b2b3ed58f4dbbd41014d68db2ba";"46f6c112e8c03fc85ce0380a1185b99d";"增加";"Y";"";"";"";"";0.0;"";"";"";""
"a561b5e725bce25be1fc9c75d51538be";"配件目录";"";"op_remove";"ff67e1d21e1fa0e2c8e2ce4fa9673830";"d054f8c3aa374492782da653b383c1e2";"删除";"Y";"";"";"";"";0.0;"";"";"";""
"a573e82e53d6661d9bc3d9b6ce5454df";"维修派工";"";"op_add";"fe5cafea4f84e0d1dfcdddf40043ce3d";"46f6c112e8c03fc85ce0380a1185b99d";"增加";"Y";"";"";"";"";0.0;"";"";"";""
"a63c531c450efa6d518543bead3d9483";"会员卡充值";"";"op_remove";"369c1046345b1a5aed3e46dfe219c454";"d054f8c3aa374492782da653b383c1e2";"删除";"Y";"";"";"";"";0.0;"";"";"";""
"a74a10fe012fa0731cafbb44ff130f7b";"优惠券消费记录";"";"op_remove";"1fc0d5ec7646c09e81e374f624232d13";"d054f8c3aa374492782da653b383c1e2";"删除";"Y";"";"";"";"";0.0;"";"";"";""
"a89b3a3fe307180ab24b8226db3df4d7";"配件目录";"";"op_update";"ff67e1d21e1fa0e2c8e2ce4fa9673830";"944961716df39775cb3944721ae8435f";"修改";"Y";"";"";"";"";0.0;"";"";"";""
"a8d26ad3222481ca2415682320e6133a";"库存调拨";"";"op_search";"68a08de3a0499b3bf122991dd94424dc";"109732f5f55fdc92d698de56b2d56c97";"查询";"Y";"";"";"";"";0.0;"";"";"";""
"a8f66befcadfe7e8a06ca403f65bc874";"库存初始化";"";"op_search";"18725a5401b12ef76b20f2c347d80c51";"109732f5f55fdc92d698de56b2d56c97";"查询";"Y";"";"";"";"";0.0;"";"";"";""
"a9257cfc05b23cf494b091996ddf1f41";"维修管理";"";"op_search";"ee98c14b8679e2a72bb71216d450e3a1";"109732f5f55fdc92d698de56b2d56c97";"查询";"Y";"";"";"";"";0.0;"";"";"";""
"a9a8d0774345883c1e50ccac777908f4";"服务目录";"";"op_remove";"02f73acc33b6858d30ac815b3f572285";"d054f8c3aa374492782da653b383c1e2";"删除";"Y";"";"";"";"";0.0;"";"";"";""
"a9aa4668f9e35a5865156cc2f6e6fdb1";"检点目录";"";"op_remove";"0f40f48a4e69cd64799d33ce8366f0db";"d054f8c3aa374492782da653b383c1e2";"删除";"Y";"";"";"";"";0.0;"";"";"";""
"aa030649d24d87e51600acdb84ccc200";"资源管理";"";"op_remove";"7dcef7d76d6fd79451fc91b31a02b323";"d054f8c3aa374492782da653b383c1e2";"删除";"Y";"";"";"";"";0.0;"";"";"";""
"aa4bd9bf948331b2f53c10fcbcdf90ee";"检点项目";"";"op_add";"472413e97cd4fe64ffce63f5c09790b1";"46f6c112e8c03fc85ce0380a1185b99d";"增加";"Y";"";"";"";"";0.0;"";"";"";""
"ac86f321b52b8e3110262a412f4ed5d3";"功能管理";"";"op_add";"d0a9419772a281bc0ec267c5c254bd08";"46f6c112e8c03fc85ce0380a1185b99d";"增加";"Y";"";"";"";"";0.0;"";"";"";""
"ac9ce1b2d8a493b4f96cd0c3aebeb212";"员工信息管理";"";"op_add";"cfd332acfb342035c603b2650f3bc87c";"46f6c112e8c03fc85ce0380a1185b99d";"增加";"Y";"";"";"";"";0.0;"";"";"";""
"adea9f9f5d158b839a6084575a2a09cb";"车管家提醒";"";"op_update";"276d583c9810a9fe8db075b63ae5c2c0";"944961716df39775cb3944721ae8435f";"修改";"Y";"";"";"";"";0.0;"";"";"";""
"adfe72bc3e37d99437055d93f0e2d0d4";"车管家提醒";"";"op_add";"276d583c9810a9fe8db075b63ae5c2c0";"46f6c112e8c03fc85ce0380a1185b99d";"增加";"Y";"";"";"";"";0.0;"";"";"";""
"ae4d802a34f876ff9f1ddb5d79b432c6";"门店套餐情况";"";"op_remove";"2af5cba1ffc3b7f9c6cc8bbab7c48a67";"d054f8c3aa374492782da653b383c1e2";"删除";"Y";"";"";"";"";0.0;"";"";"";""
"af2baf5d5c5563aaccfe7835b24af061";"出入库统计";"";"op_add";"b8106409dab4bc7f809b557756cb3ac9";"46f6c112e8c03fc85ce0380a1185b99d";"增加";"Y";"";"";"";"";0.0;"";"";"";""
"b05837629b36edac189f5f3bdaa10680";"配件目录";"";"op_update";"9b323dbeac8040546e4a6e7d09f5fc7b";"944961716df39775cb3944721ae8435f";"修改";"Y";"";"";"";"";0.0;"";"";"";""
"b19c7e95bb7f263d7ba724f40e352fb3";"领卡记录";"";"op_update";"68e004e1dc25aa76c4d5f86d8bd87606";"944961716df39775cb3944721ae8435f";"修改";"Y";"";"";"";"";0.0;"";"";"";""
"b2c89cb36657640af4661fcb00592d39";"员工管理";"";"op_add";"7f1cc5dbf85b247df612c5d61f7f0460";"46f6c112e8c03fc85ce0380a1185b99d";"增加";"Y";"";"";"";"";0.0;"";"";"";""
"b2d3b69a2e734c6d986d8c98b816ef21";"会员卡管理";"";"op_search";"30b6f5a63f1ce427fdc12c2a177c57db";"109732f5f55fdc92d698de56b2d56c97";"查询";"Y";"";"";"";"";0.0;"";"";"";""
"b38514fbc90f799eb0d80710a0b72d41";"出入库统计";"";"op_add";"a55d0d4284f5933707751e6e965121db";"46f6c112e8c03fc85ce0380a1185b99d";"增加";"Y";"";"";"";"";0.0;"";"";"";""
"b39654389fe73576c9bf576de8ea441c";"优惠券明细";"";"op_add";"de8f22c0405f85f6e42aa8c45c040364";"46f6c112e8c03fc85ce0380a1185b99d";"增加";"Y";"";"";"";"";0.0;"";"";"";""
"b3e8db9ea7c5a82c001bff6105f68b16";"维修领料";"";"op_search";"5b38e69560709ad72dcedb742f197669";"109732f5f55fdc92d698de56b2d56c97";"查询";"Y";"";"";"";"";0.0;"";"";"";""
"b451c9e73a044b6c9de6d52930a69a46";"套餐标签";"";"op_add";"33307d8139297b4e4da123d4a5fb396b";"46f6c112e8c03fc85ce0380a1185b99d";"增加";"Y";"";"";"";"";0.0;"";"";"";""
"b463bc21cbaeb755ee728ef349da2b3f";"呼叫中心回访";"";"op_search";"124e8bed2607aa4b90649136984640eb";"109732f5f55fdc92d698de56b2d56c97";"查询";"Y";"";"";"";"";0.0;"";"";"";""
"b5c6e8082bfc91eb1e885ff83d81639a";"出入库统计";"";"op_search";"a55d0d4284f5933707751e6e965121db";"109732f5f55fdc92d698de56b2d56c97";"查询";"Y";"";"";"";"";0.0;"";"";"";""
"b5f5e8be16127a9ace85064d16a29ad8";"采购退货";"";"op_update";"5a648478a3c1859efa4a47723e807856";"944961716df39775cb3944721ae8435f";"修改";"Y";"";"";"";"";0.0;"";"";"";""
"b6c34a2a2ecc3e345433b70f1f120c62";"维修派工";"";"op_remove";"fe5cafea4f84e0d1dfcdddf40043ce3d";"d054f8c3aa374492782da653b383c1e2";"删除";"Y";"";"";"";"";0.0;"";"";"";""
"b75d850f87295f4a6e96da1d4e51ffa2";"保养类型与服务项目关系";"";"op_update";"385063023e78c51c299914206e9737ba";"944961716df39775cb3944721ae8435f";"修改";"Y";"";"";"";"";0.0;"";"";"";""
"b829c72c243635d67b742ffec0a88a99";"车型信息";"";"op_add";"ae9e88d89d8663838866d77988f204e7";"46f6c112e8c03fc85ce0380a1185b99d";"增加";"Y";"";"";"";"";0.0;"";"";"";""
"b8c71d3b5ade9aeac939b0ea60b05800";"优惠券明细";"";"op_remove";"de8f22c0405f85f6e42aa8c45c040364";"d054f8c3aa374492782da653b383c1e2";"删除";"Y";"";"";"";"";0.0;"";"";"";""
"b8f9a49d887f54fa61410b67f1605cc3";"仓库管理";"";"op_add";"171548133dcac3a02037f06c96f8c27d";"46f6c112e8c03fc85ce0380a1185b99d";"增加";"Y";"";"";"";"";0.0;"";"";"";""
"b9b675f10c4c7b019b7435cf1ecc25a3";"提醒参数查看";"";"op_add";"4b5e405c355e763564541e9e3169e2eb";"46f6c112e8c03fc85ce0380a1185b99d";"增加";"Y";"";"";"";"";0.0;"";"";"";""
"b9d2a96dab60c863b05ba8c15283898b";"车型信息";"";"op_update";"ae9e88d89d8663838866d77988f204e7";"944961716df39775cb3944721ae8435f";"修改";"Y";"";"";"";"";0.0;"";"";"";""
"ba55261e363936429d6b6e47a72b8246";"呼叫中心回访";"";"op_add";"124e8bed2607aa4b90649136984640eb";"46f6c112e8c03fc85ce0380a1185b99d";"增加";"Y";"";"";"";"";0.0;"";"";"";""
"ba72231882e869675eb6f5e12ca63366";"优惠券管理";"";"op_add";"1562c85e54751ed60658bd474b8e6051";"46f6c112e8c03fc85ce0380a1185b99d";"增加";"Y";"";"";"";"";0.0;"";"";"";""
"bb5189cd87ce9bce1bd6a53619e13d01";"车系管理";"";"op_remove";"bb8ca80fefa7cb0fea0b1d47c3e36c88";"d054f8c3aa374492782da653b383c1e2";"删除";"Y";"";"";"";"";0.0;"";"";"";""
"bc729e25294512649b9fd120eb24cf0b";"帐号管理";"";"op_remove";"0ecda882e499a8201b4cc0ab718236cd";"d054f8c3aa374492782da653b383c1e2";"删除";"Y";"";"";"";"";0.0;"";"";"";""
"bc8adc0a2bca80ec468f3caaee8fbb6f";"车系管理";"";"op_add";"bb8ca80fefa7cb0fea0b1d47c3e36c88";"46f6c112e8c03fc85ce0380a1185b99d";"增加";"Y";"";"";"";"";0.0;"";"";"";""
"bd99bbd62a8ada9f32e5e4c627e9771b";"维修管理";"";"op_add";"ee98c14b8679e2a72bb71216d450e3a1";"46f6c112e8c03fc85ce0380a1185b99d";"增加";"Y";"";"";"";"";0.0;"";"";"";""
"bde168c849b5f56b76e3da54fef25feb";"配件目录";"";"op_add";"ff67e1d21e1fa0e2c8e2ce4fa9673830";"46f6c112e8c03fc85ce0380a1185b99d";"增加";"Y";"";"";"";"";0.0;"";"";"";""
"bf2327ce7c7c907be375dff39884aca8";"车辆品牌";"";"op_update";"67fe89e006c9e7c13c1acad373a5ebae";"944961716df39775cb3944721ae8435f";"修改";"Y";"";"";"";"";0.0;"";"";"";""
"c0e80b98fe33a9c8295b40b58324a383";"呼叫中心回访";"";"op_update";"124e8bed2607aa4b90649136984640eb";"944961716df39775cb3944721ae8435f";"修改";"Y";"";"";"";"";0.0;"";"";"";""
"c11947f6ba57785f7097aefd46ed0c7a";"员工信息管理";"";"op_search";"cfd332acfb342035c603b2650f3bc87c";"109732f5f55fdc92d698de56b2d56c97";"查询";"Y";"";"";"";"";0.0;"";"";"";""
"c2f68cdde60a243778a5e85a4d6fed4e";"车辆厂家";"";"op_remove";"ea9aa4b722c3c1d8cb1426065812d57c";"d054f8c3aa374492782da653b383c1e2";"删除";"Y";"";"";"";"";0.0;"";"";"";""
"c3d18e30657f122c04b6c000be99287f";"门店信息";"";"op_add";"945de10a8fac471f8ddddadc46b63721";"46f6c112e8c03fc85ce0380a1185b99d";"增加";"Y";"";"";"";"";0.0;"";"";"";""
"c4d69b4cf374351b432af7ddf3974d98";"点检单";"";"op_search";"0e6d328f660e8ed532d97c20d166d1f2";"109732f5f55fdc92d698de56b2d56c97";"查询";"Y";"";"";"";"";0.0;"";"";"";""
"c4d9f86e20c7088b0f85b098185fb193";"角色管理";"";"op_search";"1be1345dec2623464ef0b0587902b9f4";"109732f5f55fdc92d698de56b2d56c97";"查询";"Y";"";"";"";"";0.0;"";"";"";""
"c6b3284a8ce0ad7db3cf18daaf140fbe";"客户预约";"";"op_remove";"fdfbbab753be1d803a8f196bbd9b3f0a";"d054f8c3aa374492782da653b383c1e2";"删除";"Y";"";"";"";"";0.0;"";"";"";""
"c7a05b43b0800c809a7aec3ecef5acbb";"字典管理";"";"op_add";"24eb2ef958e90103d6a6040850542f9b";"46f6c112e8c03fc85ce0380a1185b99d";"增加";"Y";"";"";"";"";0.0;"";"";"";""
"c9a205a63b4f223df08781008ae9eea8";"套餐销售";"";"op_update";"a6a50c7acdfec5c9f948247f4b2881cf";"944961716df39775cb3944721ae8435f";"修改";"Y";"";"";"";"";0.0;"";"";"";""
"cac735855cf687c08a75f8891497c2c0";"车管家提醒";"";"op_search";"276d583c9810a9fe8db075b63ae5c2c0";"109732f5f55fdc92d698de56b2d56c97";"查询";"Y";"";"";"";"";0.0;"";"";"";""
"cbcfc1a2bcc5560bf90f70919462e487";"发卡管理";"";"op_add";"f84f386dfd13792cfe7d5165f9c589ae";"46f6c112e8c03fc85ce0380a1185b99d";"增加";"Y";"";"";"";"";0.0;"";"";"";""
"cc620643fa8a03f827d9f69628550b1b";"车辆信息";"";"op_search";"1384cdb546a273c85e2c67ea53dce071";"109732f5f55fdc92d698de56b2d56c97";"查询";"Y";"";"";"";"";0.0;"";"";"";""
"cdfb5107f387c48318b9441e096eb628";"提醒参数查看";"";"op_update";"4b5e405c355e763564541e9e3169e2eb";"944961716df39775cb3944721ae8435f";"修改";"Y";"";"";"";"";0.0;"";"";"";""
"d08829e6650070926ca3ffcde9c03615";"商品定价管理";"";"op_add";"0f24d8ffe216a5f85e27db5b3de4167f";"46f6c112e8c03fc85ce0380a1185b99d";"增加";"Y";"";"";"";"";0.0;"";"";"";""
"d20d563541018a9252a2b3bb0547b8b1";"检点项目";"";"op_update";"472413e97cd4fe64ffce63f5c09790b1";"944961716df39775cb3944721ae8435f";"修改";"Y";"";"";"";"";0.0;"";"";"";""
"d3a72f147ebf7795281d5e66355f1deb";"客户预约";"";"op_update";"fdfbbab753be1d803a8f196bbd9b3f0a";"944961716df39775cb3944721ae8435f";"修改";"Y";"";"";"";"";0.0;"";"";"";""
"d3ec9981ce066854b402503e2f48a074";"客户询价";"";"op_add";"3e5b2fef51fb4ee3fba3cb8936870561";"46f6c112e8c03fc85ce0380a1185b99d";"增加";"Y";"";"";"";"";0.0;"";"";"";""
"d48c6034b7d34bac6c3adc4cf00d42e1";"服务项目";"";"op_update";"e9bd18d8d787cdbcdfa9dc83a720797e";"944961716df39775cb3944721ae8435f";"修改";"Y";"";"";"";"";0.0;"";"";"";""
"d49bcccfef25bc0e9cc65f380db99f9c";"优惠券消费记录";"";"op_add";"1fc0d5ec7646c09e81e374f624232d13";"46f6c112e8c03fc85ce0380a1185b99d";"增加";"Y";"";"";"";"";0.0;"";"";"";""
"d5a755282cab77b2d048186a46418a51";"出入库统计";"";"op_update";"b8106409dab4bc7f809b557756cb3ac9";"944961716df39775cb3944721ae8435f";"修改";"Y";"";"";"";"";0.0;"";"";"";""
"d5fa5255fbe14beccf2d4f184151bce1";"维修领料";"";"op_remove";"5b38e69560709ad72dcedb742f197669";"d054f8c3aa374492782da653b383c1e2";"删除";"Y";"";"";"";"";0.0;"";"";"";""
"d746dd49ad63ca1e546a73aea186057d";"储值卡产品";"";"op_remove";"4998c7f10564955dfaf8cbe8744fc98a";"d054f8c3aa374492782da653b383c1e2";"删除";"Y";"";"";"";"";0.0;"";"";"";""
"d8c8377c718bd3af51e1ff7e66da88e3";"检点包";"";"op_update";"d96e25692248b4e2a401c820aad02f03";"944961716df39775cb3944721ae8435f";"修改";"Y";"";"";"";"";0.0;"";"";"";""
"d9984072eac19f73ba25fc28ec4ec0fd";"出库单";"";"op_add";"df857496be9d5416a6f4821f81e7e959";"46f6c112e8c03fc85ce0380a1185b99d";"增加";"Y";"";"";"";"";0.0;"";"";"";""
"daa105b65d84419cdabe1b704e0c87dd";"车辆保养周期";"";"op_remove";"274656aad1ac3bae68953a1e515477de";"d054f8c3aa374492782da653b383c1e2";"删除";"Y";"";"";"";"";0.0;"";"";"";""
"db639ded455c98c1646d898f267e6bfc";"营销组合产品";"";"op_remove";"561cc3b69f03e365ff90f722e96ec9be";"d054f8c3aa374492782da653b383c1e2";"删除";"Y";"";"";"";"";0.0;"";"";"";""
"dc4937248a082d92b4df7a194de8b494";"服务项目管理";"";"op_add";"176b0d13defe9774c6e102870bd46e78";"46f6c112e8c03fc85ce0380a1185b99d";"增加";"Y";"";"";"";"";0.0;"";"";"";""
"dcdf0f3ad7cfd287d4803b08831e37ca";"门店套餐管理";"";"op_update";"113dc3d99513b8628e6c65c7c8b7a2a0";"944961716df39775cb3944721ae8435f";"修改";"Y";"";"";"";"";0.0;"";"";"";""
"dcec219c6810e01010ea506b4fb84403";"库存初始化";"";"op_add";"18725a5401b12ef76b20f2c347d80c51";"46f6c112e8c03fc85ce0380a1185b99d";"增加";"Y";"";"";"";"";0.0;"";"";"";""
"dd540eb11a51cff83b9e352ea7126d18";"客户回访";"";"op_add";"462117e248bd470a683bccf3a6a2003c";"46f6c112e8c03fc85ce0380a1185b99d";"增加";"Y";"";"";"";"";0.0;"";"";"";""
"df063f8fd421cdd88ded3e1acb50489b";"优惠券消费记录";"";"op_search";"1fc0d5ec7646c09e81e374f624232d13";"109732f5f55fdc92d698de56b2d56c97";"查询";"Y";"";"";"";"";0.0;"";"";"";""
"dfcd642430ff61f516413e4e597e5de0";"优惠券明细";"";"op_update";"de8f22c0405f85f6e42aa8c45c040364";"944961716df39775cb3944721ae8435f";"修改";"Y";"";"";"";"";0.0;"";"";"";""
"e10c4481534c57bc8479e42bec4d962a";"点检单";"";"op_remove";"0e6d328f660e8ed532d97c20d166d1f2";"d054f8c3aa374492782da653b383c1e2";"删除";"Y";"";"";"";"";0.0;"";"";"";""
"e17e5362b92859046f0b14befc0c8999";"门店信息";"";"op_update";"945de10a8fac471f8ddddadc46b63721";"944961716df39775cb3944721ae8435f";"修改";"Y";"";"";"";"";0.0;"";"";"";""
"e1e7571055c34f63d59ba42823771e92";"发卡管理";"";"op_search";"f84f386dfd13792cfe7d5165f9c589ae";"109732f5f55fdc92d698de56b2d56c97";"查询";"Y";"";"";"";"";0.0;"";"";"";""
"e295b976a05e874638eb1994335f34f7";"制卡管理";"";"op_update";"dbb8b76b67812ecaa8395b62aae897cf";"944961716df39775cb3944721ae8435f";"修改";"Y";"";"";"";"";0.0;"";"";"";""
"e2b5290cd22d9bc89e5eb5dbf2d46871";"配件信息";"";"op_remove";"9d07bc5baaeacac174cf7ab517b8b4cd";"d054f8c3aa374492782da653b383c1e2";"删除";"Y";"";"";"";"";0.0;"";"";"";""
"e488d84474ce0df63f006814da654ffb";"服务目录";"";"op_add";"02f73acc33b6858d30ac815b3f572285";"46f6c112e8c03fc85ce0380a1185b99d";"增加";"Y";"";"";"";"";0.0;"";"";"";""
"e50ad4b4313a92c76501a0c6f682d0e3";"点检单";"";"op_update";"0e6d328f660e8ed532d97c20d166d1f2";"944961716df39775cb3944721ae8435f";"修改";"Y";"";"";"";"";0.0;"";"";"";""
"e62dce916ee769aa2ac073c8ed5b84a2";"仓库管理";"";"op_search";"171548133dcac3a02037f06c96f8c27d";"109732f5f55fdc92d698de56b2d56c97";"查询";"Y";"";"";"";"";0.0;"";"";"";""
"e7280682c15cdc7f5b7721d9e14df316";"制卡管理";"";"op_add";"dbb8b76b67812ecaa8395b62aae897cf";"46f6c112e8c03fc85ce0380a1185b99d";"增加";"Y";"";"";"";"";0.0;"";"";"";""
"e746ee6de3494eb04e3e79221f28a0ae";"维修派工";"";"op_search";"fe5cafea4f84e0d1dfcdddf40043ce3d";"109732f5f55fdc92d698de56b2d56c97";"查询";"Y";"";"";"";"";0.0;"";"";"";""
"e765e7b17599c35730ac1f32048f2c4b";"员工账号";"";"op_remove";"ebda4ef496f4323eee47db6e37821f24";"d054f8c3aa374492782da653b383c1e2";"删除";"Y";"";"";"";"";0.0;"";"";"";""
"e774606d45afc84c51a3e458b1c012cf";"资源管理";"";"op_search";"7dcef7d76d6fd79451fc91b31a02b323";"109732f5f55fdc92d698de56b2d56c97";"查询";"Y";"";"";"";"";0.0;"";"";"";""
"e79edfd0924139df07c3c3d8975d8647";"检点包";"";"op_remove";"d96e25692248b4e2a401c820aad02f03";"d054f8c3aa374492782da653b383c1e2";"删除";"Y";"";"";"";"";0.0;"";"";"";""
"e8b4a181c7a68c4f9715da055eba5ef3";"车辆信息";"";"op_update";"1384cdb546a273c85e2c67ea53dce071";"944961716df39775cb3944721ae8435f";"修改";"Y";"";"";"";"";0.0;"";"";"";""
"e953df68dc27d1b51689ba50c2a68aae";"出库单";"";"op_search";"edb68f089f88956f088e993b3a039133";"109732f5f55fdc92d698de56b2d56c97";"查询";"Y";"";"";"";"";0.0;"";"";"";""
"e9bde3e8706edcb4378a67ee3d0a090d";"出库单";"";"op_update";"df857496be9d5416a6f4821f81e7e959";"944961716df39775cb3944721ae8435f";"修改";"Y";"";"";"";"";0.0;"";"";"";""
"ea5ac78b5e05facf0173d08c2475ba2d";"客户车辆管理";"";"op_remove";"d2765c2e7cc00f9addb028ed3c5b83d7";"d054f8c3aa374492782da653b383c1e2";"删除";"Y";"";"";"";"";0.0;"";"";"";""
"ecd95546da3ad2d34ae50ae5d20082fa";"出入库统计";"";"op_update";"a55d0d4284f5933707751e6e965121db";"944961716df39775cb3944721ae8435f";"修改";"Y";"";"";"";"";0.0;"";"";"";""
"edbc9fbbb212bbb3fff06f0ea76f1390";"检点包";"";"op_search";"d96e25692248b4e2a401c820aad02f03";"109732f5f55fdc92d698de56b2d56c97";"查询";"Y";"";"";"";"";0.0;"";"";"";""
"edd484860c6584487fff8c553beacd78";"会员卡管理";"";"op_update";"30b6f5a63f1ce427fdc12c2a177c57db";"944961716df39775cb3944721ae8435f";"修改";"Y";"";"";"";"";0.0;"";"";"";""
"eea6d45b564c4c3ddd1381a9ec4d5c77";"服务项目";"";"op_remove";"e9bd18d8d787cdbcdfa9dc83a720797e";"d054f8c3aa374492782da653b383c1e2";"删除";"Y";"";"";"";"";0.0;"";"";"";""
"eebd7b21c624a4446a1cfe3a355d15bf";"套餐标签";"";"op_search";"33307d8139297b4e4da123d4a5fb396b";"109732f5f55fdc92d698de56b2d56c97";"查询";"Y";"";"";"";"";0.0;"";"";"";""
"f0b1290650220b835afcbeda62524676";"门店套餐情况";"";"op_search";"2af5cba1ffc3b7f9c6cc8bbab7c48a67";"109732f5f55fdc92d698de56b2d56c97";"查询";"Y";"";"";"";"";0.0;"";"";"";""
"f0f560356b542089c54a2de884525c33";"提醒参数查看";"";"op_remove";"4b5e405c355e763564541e9e3169e2eb";"d054f8c3aa374492782da653b383c1e2";"删除";"Y";"";"";"";"";0.0;"";"";"";""
"f1b053a20308b4c71af9c3e3a25c77dd";"出入库统计";"";"op_remove";"a55d0d4284f5933707751e6e965121db";"d054f8c3aa374492782da653b383c1e2";"删除";"Y";"";"";"";"";0.0;"";"";"";""
"f5732ccb137b94c59050f2f9583128f3";"车管家提醒";"";"op_remove";"276d583c9810a9fe8db075b63ae5c2c0";"d054f8c3aa374492782da653b383c1e2";"删除";"Y";"";"";"";"";0.0;"";"";"";""
"f5fd5062316456fb767d5ce550f8fe94";"字典管理";"";"op_update";"24eb2ef958e90103d6a6040850542f9b";"944961716df39775cb3944721ae8435f";"修改";"Y";"";"";"";"";0.0;"";"";"";""
"f62f935ebfefc7b917dd12f9c1ad8cc2";"储值卡产品";"";"op_search";"4998c7f10564955dfaf8cbe8744fc98a";"109732f5f55fdc92d698de56b2d56c97";"查询";"Y";"";"";"";"";0.0;"";"";"";""
"f815d9645d202dcce10c406955a1d1f4";"车辆信息";"";"op_add";"1384cdb546a273c85e2c67ea53dce071";"46f6c112e8c03fc85ce0380a1185b99d";"增加";"Y";"";"";"";"";0.0;"";"";"";""
"f8c31e7397323597c14583235ff2c025";"操作管理";"";"op_search";"23572b2b3ed58f4dbbd41014d68db2ba";"109732f5f55fdc92d698de56b2d56c97";"查询";"Y";"";"";"";"";0.0;"";"";"";""
"f8cdef9a184cea7808519c7fdd7aa188";"库存调拨";"";"op_add";"68a08de3a0499b3bf122991dd94424dc";"46f6c112e8c03fc85ce0380a1185b99d";"增加";"Y";"";"";"";"";0.0;"";"";"";""
"fb208c6d28e9246829baf8561ddf522a";"帐号管理";"";"op_update";"0ecda882e499a8201b4cc0ab718236cd";"944961716df39775cb3944721ae8435f";"修改";"Y";"";"";"";"";0.0;"";"";"";""
"fb3b6ff5906c0d897ccefa61293b9b62";"区域管理";"";"op_add";"3b2c4e74b23c3dc3ae1a447a9c9cd20f";"46f6c112e8c03fc85ce0380a1185b99d";"增加";"Y";"";"";"";"";0.0;"";"";"";""
"fc8da21ee3f88db4f08e6e6a34f65024";"库存信息";"";"op_remove";"b8ceff96a547e6d250d4539cfe76418c";"d054f8c3aa374492782da653b383c1e2";"删除";"Y";"";"";"";"";0.0;"";"";"";""
"fcff18ca8071ef56b5cdeefcf43dcff2";"盘点";"";"op_remove";"7335ad453de4d5d9384f2241b4a56722";"d054f8c3aa374492782da653b383c1e2";"删除";"Y";"";"";"";"";0.0;"";"";"";""
"fd6b88e204966fe6d839a4621fd7ca30";"检点目录";"";"op_update";"0f40f48a4e69cd64799d33ce8366f0db";"944961716df39775cb3944721ae8435f";"修改";"Y";"";"";"";"";0.0;"";"";"";""
"fdbef98d0c743a5d0be2349fa5303f62";"部门管理";"";"op_update";"6b91ca2885382d228347e3fbb9d8737b";"944961716df39775cb3944721ae8435f";"修改";"Y";"";"";"";"";0.0;"";"";"";""
"fdd39482564cfdacee6125ca9ebcd4ec";"地理信息";"";"op_search";"836d9a36f37dd3a437f839b7b0a04e4e";"109732f5f55fdc92d698de56b2d56c97";"查询";"Y";"";"";"";"";0.0;"";"";"";""
"fe8e0c825613db3c7132848d4be266cd";"仓库管理";"";"op_update";"171548133dcac3a02037f06c96f8c27d";"944961716df39775cb3944721ae8435f";"修改";"Y";"";"";"";"";0.0;"";"";"";""
